{"uuid":"D6C1E848-88A2-3A32-54CB-A023B9C14AE8","score":"100","min_score":"50","name":"One,Two,Three","subject":"network","state":"open","author":"eap","text":"One, two, three\n\n<img width=\"250px\" src=\"files\/quests\/6309C6BB-EF36-0BEA-6125-02517F159881_networking5_png\"\/>\n\n\u0414\u0430\u0439\u0442\u0435 \u043e\u0442\u0432\u0435\u0442...\n\n\u043e\u0442\u0432\u0435\u0442 \u043d\u0435 1,2,3 \u0438 \u043d\u0435 11,22,33 \u0438 \u043d\u0435 111,222,333\n\u0430 \u0444\u043e\u0440\u043c\u0430\u0442 \u0435\u0433\u043e: xx,zz,yy","description_state":"","answer":"SYN,SYN,ACK","date_create":null,"date_change":"2015-09-05 06:50:38","game":{"uuid":"3e5fa32b-cc08-430b-ab75-69c805d1ecc9","title":"FHQ 2013"},"files":[{"uuid":"6309C6BB-EF36-0BEA-6125-02517F159881","filename":"networking5_png","filepath":"files\/quests\/6309C6BB-EF36-0BEA-6125-02517F159881_networking5_png","size":"21161"}]}