{"uuid":"17DB91BB-1D6F-A94A-BE33-DFE6B285A8FC","score":"50","min_score":"1","name":"encoding first","subject":"crypto","state":"open","author":"sea-kg","text":"Please help me!\n\"SXQncyBzbyBzaW1wbGUh\"\n\n<img width=\"250px\" src=\"files\/quests\/EE239054-0A7F-57A3-C673-AC6488666BAA_1326186090_stop_png\"\/>","description_state":"","answer":"It's so simple!","date_create":null,"date_change":"2015-09-05 06:48:05","game":{"uuid":"3e5fa32b-cc08-430b-ab75-69c805d1ecc9","title":"FHQ 2013"},"files":[{"uuid":"EE239054-0A7F-57A3-C673-AC6488666BAA","filename":"1326186090_stop_png","filepath":"files\/quests\/EE239054-0A7F-57A3-C673-AC6488666BAA_1326186090_stop_png","size":"11972"}]}