{"uuid":"50B3266A-7AB5-B79D-579B-E150389D955E","score":"300","min_score":"200","name":"Columbian Bank","subject":"reverse","state":"open","author":"user0","text":"<center>\n<img width=\"250px\" src=\"files\/quests\/ADE1E1EB-D809-07AE-81DD-07CF55FA71DC_r300_jpg\"\/>\n\nYou work for FBI and you need to hack this file from Columbian Bank...\n\n<a class=\"fhqbtn\" target=\"_ablank\" href=\"files\/quests\/160972D2-910A-3E8B-DACE-B4CAC3F5F82C_reverse300\">linux<\/a> | <a class=\"fhqbtn\" target=\"_ablank\" href=\"files\/quests\/5DE6A11B-30F6-3A1C-1A3A-6527C96614DA_reverse300_exe\">win<\/a>","description_state":"","answer":"309f5933b45a8e31074a9e04f8905349","date_create":null,"date_change":"2015-09-04 05:09:29","game":{"uuid":"3e5fa32b-cc08-430b-ab75-69c805d1ecc9","title":"FHQ 2013"},"files":[{"uuid":"ADE1E1EB-D809-07AE-81DD-07CF55FA71DC","filename":"r300_jpg","filepath":"files\/quests\/ADE1E1EB-D809-07AE-81DD-07CF55FA71DC_r300_jpg","size":"6985"},{"uuid":"160972D2-910A-3E8B-DACE-B4CAC3F5F82C","filename":"reverse300","filepath":"files\/quests\/160972D2-910A-3E8B-DACE-B4CAC3F5F82C_reverse300","size":"5960"},{"uuid":"5DE6A11B-30F6-3A1C-1A3A-6527C96614DA","filename":"reverse300_exe","filepath":"files\/quests\/5DE6A11B-30F6-3A1C-1A3A-6527C96614DA_reverse300_exe","size":"7680"}]}