{"uuid":"C9F01505-08D2-A210-1A42-770A056A2DDD","score":"200","min_score":"100","name":"geolocation","subject":"forensics","state":"open","author":"MJ","text":"Give sequence of digits\n<img width=\"250px\" src=\"files\/quests\/06BE8B63-48AE-F6D5-94B5-267EE203B563_kryptozz_jpg\"\/>\nGive sequence of digits in geolocation from part2 of plaintext.\n\u043f\u043e\u0434\u0441\u043a\u0430\u0437\u043a\u0430: \u0442\u043e\u043b\u044c\u043a\u043e \u0446\u0438\u0444\u0440\u044b","description_state":"","answer":"38576577844","date_create":null,"date_change":"2015-09-05 06:48:31","game":{"uuid":"3e5fa32b-cc08-430b-ab75-69c805d1ecc9","title":"FHQ 2013"},"files":[{"uuid":"06BE8B63-48AE-F6D5-94B5-267EE203B563","filename":"kryptozz_jpg","filepath":"files\/quests\/06BE8B63-48AE-F6D5-94B5-267EE203B563_kryptozz_jpg","size":"97574"}]}