{"uuid":"71F1FBDF-9F4D-F57F-D046-E9F7CDE6BFAB","score":"300","min_score":"200","name":"What do you want?","subject":"stego","state":"open","author":"sea-kg","text":"What do you want by me?\n\n<img width=\"250px\" src=\"files\/quests\/57E246DB-58E0-4C81-FD8D-339549D1E2F2_manedwolfchrysocyonbrachyurus_png\"\/>\n\n\n","description_state":"","answer":"1ab0b031a8841b485ed2edb4c883b244","date_create":null,"date_change":"2015-09-05 06:52:38","game":{"uuid":"3e5fa32b-cc08-430b-ab75-69c805d1ecc9","title":"FHQ 2013"},"files":[{"uuid":"57E246DB-58E0-4C81-FD8D-339549D1E2F2","filename":"maned-wolf-chrysocyon-brachyurus_png","filepath":"files\/quests\/57E246DB-58E0-4C81-FD8D-339549D1E2F2_manedwolfchrysocyonbrachyurus_png","size":"231886"}]}