{"uuid":"E7EDFD65-89BE-F915-C573-B968AC1E4987","score":"100","min_score":"50","name":"user-as-admin","subject":"web","state":"open","author":"eap","text":"<center>\nget access as admin\n\n<img width=\"250px\" src=\"files\/quests\/2D7B10B7-4B9A-BE79-F351-7BF9F774014D_cookiech_jpg\"\/>\n\n<a target='_blank' href='files\/web100\/'>here<\/a>\n","description_state":"","answer":"f909ef33f82d6a16a30b82b533050615","date_create":null,"date_change":"2015-09-05 06:52:06","game":{"uuid":"3e5fa32b-cc08-430b-ab75-69c805d1ecc9","title":"FHQ 2013"},"files":[{"uuid":"2D7B10B7-4B9A-BE79-F351-7BF9F774014D","filename":"cookie-ch_jpg","filepath":"files\/quests\/2D7B10B7-4B9A-BE79-F351-7BF9F774014D_cookiech_jpg","size":"20460"}]}