{"uuid":"D2FF7770-742F-C6F6-C9AF-67DAE43FFF0E","score":"500","min_score":"5000","name":"Bethoven & Mozart","subject":"reverse","state":"broken","author":"user0","text":"<center>\n<img width=\"250px\" src=\"files\/quests\/C77C5396-51A7-E282-4E34-502754AD0287_r500_jpg\"\/>\n\nHint 1: dmesg;\nHint 2: answer has 40 simbols","description_state":"problem wiht something ","answer":"5f4e96c5f29fd83ce0b1504277b9b1ecb17ac897","date_create":null,"date_change":"2015-09-04 05:09:21","game":{"uuid":"3e5fa32b-cc08-430b-ab75-69c805d1ecc9","title":"FHQ 2013"},"files":[{"uuid":"C77C5396-51A7-E282-4E34-502754AD0287","filename":"r500_jpg","filepath":"files\/quests\/C77C5396-51A7-E282-4E34-502754AD0287_r500_jpg","size":"8070"},{"uuid":"2EBF499C-8287-525D-4B53-8E6D2DE033F6","filename":"reverse500_txt","filepath":"files\/quests\/2EBF499C-8287-525D-4B53-8E6D2DE033F6_reverse500_txt","size":"180"}]}