{"uuid":"FB69FC2D-B47F-E840-EAB5-F4421262BEC5","score":"100","min_score":"50","name":"searching...","subject":"forensics","state":"open","author":"sea-kg","text":"What is his name?\n\u041a\u0430\u043a \u0435\u0433\u043e \u0437\u043e\u0432\u0443\u0442?\n\u0425\u043e\u0447\u0443 \u0442\u043e\u043b\u044c\u043a\u043e \u0442\u0440\u0438 \u0435\u0433\u043e \u0438\u043c\u0435\u043d\u0438.\n<img width=\"250px\" src=\"files\/quests\/C629A498-ABEA-224E-4756-1327099C2B3D_214969_jpg\"\/>\n\n","description_state":"","answer":"Goodluck Ebele Jonathan","date_create":null,"date_change":"2015-09-05 06:50:58","game":{"uuid":"3e5fa32b-cc08-430b-ab75-69c805d1ecc9","title":"FHQ 2013"},"files":[{"uuid":"C629A498-ABEA-224E-4756-1327099C2B3D","filename":"214969_jpg","filepath":"files\/quests\/C629A498-ABEA-224E-4756-1327099C2B3D_214969_jpg","size":"20411"}]}