{"uuid":"851F027B-5EEB-EC55-15B1-DF4112C356FE","score":"100","min_score":"50","name":"French bank","subject":"reverse","state":"open","author":"user0","text":"<center>\n<img width=\"250px\" src=\"files\/quests\/EB494F3D-EE8E-19E1-7EE4-5D1B03C4DF19_r100_jpg\"\/>\n\nYou work for FBI and you need to hack this file from French bank..\n\n<a class=\"fhqbtn\" target=\"_ablank\" href=\"files\/quests\/A717B2A2-25EF-C38B-6673-DED4EB94325D_reverse100_exe\">win<\/a> | <a class=\"fhqbtn\" target=\"_ablank\" href=\"files\/quests\/110A06B0-1264-D83D-E9A9-B483048BD3A8_reverse100\">linux<\/a>","description_state":"","answer":"be121740bf988b2225a313fa1f107cal","date_create":null,"date_change":"2015-09-05 06:48:13","game":{"uuid":"3e5fa32b-cc08-430b-ab75-69c805d1ecc9","title":"FHQ 2013"},"files":[{"uuid":"EB494F3D-EE8E-19E1-7EE4-5D1B03C4DF19","filename":"r100_jpg","filepath":"files\/quests\/EB494F3D-EE8E-19E1-7EE4-5D1B03C4DF19_r100_jpg","size":"200081"},{"uuid":"110A06B0-1264-D83D-E9A9-B483048BD3A8","filename":"reverse100","filepath":"files\/quests\/110A06B0-1264-D83D-E9A9-B483048BD3A8_reverse100","size":"6186"},{"uuid":"A717B2A2-25EF-C38B-6673-DED4EB94325D","filename":"reverse100_exe","filepath":"files\/quests\/A717B2A2-25EF-C38B-6673-DED4EB94325D_reverse100_exe","size":"7680"}]}