{"uuid":"154D8F72-2CB0-CE65-97DB-7DB04D8EAD0D","score":"50","min_score":"1","name":"What is it?","subject":"trivia","state":"open","author":"eap","text":"What is it?\n\u041f\u043e\u043b\u0443\u0447\u0435\u043d\u043d\u044b\u0439 \u043e\u0442\u0432\u0435\u0442 \u043f\u043e\u0432\u0442\u043e\u0440\u0438\u0442\u0435 \u0442\u0440\u0438\u0436\u0434\u044b...\n<img width=\"250px\" src=\"files\/quests\/24223059-FEBA-1342-E434-4069D4724872_welcome20_png\"\/>\n\n","description_state":"","answer":"RFCRFCRFC","date_create":null,"date_change":"2015-09-05 06:52:59","game":{"uuid":"3e5fa32b-cc08-430b-ab75-69c805d1ecc9","title":"FHQ 2013"},"files":[{"uuid":"24223059-FEBA-1342-E434-4069D4724872","filename":"welcome20_png","filepath":"files\/quests\/24223059-FEBA-1342-E434-4069D4724872_welcome20_png","size":"87577"}]}