{"uuid":"EFCA7479-E564-0A1F-3DC7-F84C1AD55C09","score":"100","min_score":"50","name":"Mariarti","subject":"crypto","state":"open","author":"MJ","text":"Mariarti wants to say something;)","description_state":"","answer":"noobs is just word","date_create":null,"date_change":"2015-09-05 06:49:09","game":{"uuid":"3e5fa32b-cc08-430b-ab75-69c805d1ecc9","title":"FHQ 2013"},"files":[{"uuid":"92820B43-40E6-2BFC-3A2A-90ADADE0ACA0","filename":"34cacdf776ffc95fedf29ebd130a0004","filepath":"files\/quests\/92820B43-40E6-2BFC-3A2A-90ADADE0ACA0_34cacdf776ffc95fedf29ebd130a0004","size":"296"}]}