{"uuid":"A3592A62-EC9C-7416-B75F-B833F39B1666","score":"50","min_score":"10","name":"Belgium's bank","subject":"reverse","state":"open","author":"user0","text":"<img width=\"250px\" src=\"files\/quests\/16D58E7B-89F0-4351-0785-909DB92CE5AB_r50_jpg\"\/>\n\nYou work for FBI and you need to hack this file from Belgian bank...\n\n<a class=\"fhqbtn\" target=\"_ablank\" href=\"files\/quests\/BB645A40-C810-A894-C4B2-49583CFBDCFD_reverse50_lin\">linux<\/a> or <a class=\"fhqbtn\" target=\"_ablank\" href=\"files\/quests\/507D1FB4-AFAF-D5FB-0369-8A269FFBDFE9_reverse50_win32_exe\">win<\/a>","description_state":"","answer":"755f85c2723bb39381c7379a604160d8","date_create":null,"date_change":"2015-09-04 05:09:14","game":{"uuid":"3e5fa32b-cc08-430b-ab75-69c805d1ecc9","title":"FHQ 2013"},"files":[{"uuid":"16D58E7B-89F0-4351-0785-909DB92CE5AB","filename":"r50_jpg","filepath":"files\/quests\/16D58E7B-89F0-4351-0785-909DB92CE5AB_r50_jpg","size":"18143"},{"uuid":"BB645A40-C810-A894-C4B2-49583CFBDCFD","filename":"reverse50_lin","filepath":"files\/quests\/BB645A40-C810-A894-C4B2-49583CFBDCFD_reverse50_lin","size":"5453"},{"uuid":"507D1FB4-AFAF-D5FB-0369-8A269FFBDFE9","filename":"reverse50_win32_exe","filepath":"files\/quests\/507D1FB4-AFAF-D5FB-0369-8A269FFBDFE9_reverse50_win32_exe","size":"7680"}]}