{"uuid":"6353F55E-3ECC-A9A3-64CD-3DEB9B878592","score":"300","min_score":"200","name":"gamma","subject":"crypto","state":"open","author":"MJ","text":"What do you know about gamma?\n<img width=\"250px\" src=\"files\/quests\/6C227112-F509-274E-F559-F6B6567183DB_harizma_gamma_75_boxlite_01_jpg_jpeg\"\/>","description_state":"","answer":"05b048d7242cb7b8b57cfa3b1d65ecea","date_create":null,"date_change":"2015-09-05 06:48:22","game":{"uuid":"3e5fa32b-cc08-430b-ab75-69c805d1ecc9","title":"FHQ 2013"},"files":[{"uuid":"6EA9DD15-1269-7757-5AE9-8FB93C39DE5D","filename":"9967e9517499c50791453746912659db","filepath":"files\/quests\/6EA9DD15-1269-7757-5AE9-8FB93C39DE5D_9967e9517499c50791453746912659db","size":"994"},{"uuid":"6C227112-F509-274E-F559-F6B6567183DB","filename":"harizma_gamma_75_box-lite_01_jpg_jpeg","filepath":"files\/quests\/6C227112-F509-274E-F559-F6B6567183DB_harizma_gamma_75_boxlite_01_jpg_jpeg","size":"9036"}]}