{"uuid":"34C36597-4648-4C9D-E11C-599E597DE150","score":"400","min_score":"300","name":"Swedish Bank","subject":"reverse","state":"open","author":"user0","text":"<center>\n<img width=\"250px\" src=\"files\/quests\/2F890892-0424-048C-0F75-008574589318_r400_jpg\"\/>\n\nYou work for FBI and you need to hack this file from Swedish Bank...\n\nHint for Reverse 400: \n1) Follow Trent !!!!! \n2) Find and open get_passwords_from_db( ).\n\n<a class=\"fhqbtn\" target=\"_ablank\" href=\"files\/quests\/CCF7922B-F4A7-FFA9-A00D-B6E26D36566F_reverse400\">linux<\/a> | <a class=\"fhqbtn\" target=\"_ablank\" href=\"files\/quests\/039002AD-A5FF-0479-9248-338C9EC7FFD9_reverse400_exe\">win<\/a>","description_state":"","answer":"d3d9446802a44259755d38e6d163e820","date_create":null,"date_change":"2015-09-05 06:51:50","game":{"uuid":"3e5fa32b-cc08-430b-ab75-69c805d1ecc9","title":"FHQ 2013"},"files":[{"uuid":"2F890892-0424-048C-0F75-008574589318","filename":"r400_jpg","filepath":"files\/quests\/2F890892-0424-048C-0F75-008574589318_r400_jpg","size":"8898"},{"uuid":"CCF7922B-F4A7-FFA9-A00D-B6E26D36566F","filename":"reverse400","filepath":"files\/quests\/CCF7922B-F4A7-FFA9-A00D-B6E26D36566F_reverse400","size":"7947"},{"uuid":"039002AD-A5FF-0479-9248-338C9EC7FFD9","filename":"reverse400_exe","filepath":"files\/quests\/039002AD-A5FF-0479-9248-338C9EC7FFD9_reverse400_exe","size":"9728"}]}