{"uuid":"498E58BC-579B-615E-2868-9968BDCB22ED","score":"50","min_score":"1","name":"stupid-developers","subject":"web","state":"open","author":"sea-kg","text":"Stupid Developers...\nStupid Developers...\nStupid Developers...\nStupid Developers...\n\u0413\u043b\u0443\u043f\u044b\u0435 \u0440\u0430\u0437\u0440\u0430\u0431\u043e\u0442\u0447\u0438\u043a\u0438...\n\n<img width=\"250px\" src=\"files\/quests\/5B5083CC-0897-F625-74DC-40A190B302F1_images_jpeg\"\/>\n\n<a target='_blank' href='files\/web50\/'>here<\/a>","description_state":"","answer":"very-hard-pass","date_create":null,"date_change":"2015-09-05 06:51:38","game":{"uuid":"3e5fa32b-cc08-430b-ab75-69c805d1ecc9","title":"FHQ 2013"},"files":[{"uuid":"5B5083CC-0897-F625-74DC-40A190B302F1","filename":"images_jpeg","filepath":"files\/quests\/5B5083CC-0897-F625-74DC-40A190B302F1_images_jpeg","size":"4750"}]}