{"uuid":"8FF0EFB4-9B65-DDD3-226C-950AF5471A5F","score":"500","min_score":"400","name":"NSA\/CSS","subject":"forensics","state":"broken","author":"Ivan Ivanov","text":"<center>\nYou is personal from NSA\/CSS.\n\n<img width=\"250px\" src=\"files\/quests\/3ECC9633-949B-68AB-321A-31676C599430_NSA_jpg\"\/>\n\nWe have image hard drive from server which was hacked.\nNeed find backdoor.\n\n<a href='http:\/\/keva.su\/ctf\/forensics500.img.tar.gz'>hard<\/a>","description_state":"","answer":"a9e4t8jq349rfheoiguhw548g45","date_create":null,"date_change":"2015-09-05 06:49:38","game":{"uuid":"3e5fa32b-cc08-430b-ab75-69c805d1ecc9","title":"FHQ 2013"},"files":[{"uuid":"3ECC9633-949B-68AB-321A-31676C599430","filename":"NSA_jpg","filepath":"files\/quests\/3ECC9633-949B-68AB-321A-31676C599430_NSA_jpg","size":"47464"}]}