{"uuid":"C4AEC336-D7BC-ED91-452D-6CEE34C84E1E","score":"200","min_score":"100","name":"Deutsche Bank ","subject":"reverse","state":"open","author":"user0","text":"<center>\n<img width=\"250px\" src=\"files\/quests\/30926F4F-659E-442B-0165-B5CD93AF2DF5_r200_jpg\"\/>\n\nYou work for FBI and you need to hack this file from German bank...\n\n<a class=\"fhqbtn\" target=\"_ablank\" href=\"files\/quests\/359348EC-4D72-4349-AFC3-F5DDDA044A92_reverse200\">linux<\/a> | <a class=\"fhqbtn\" target=\"_ablank\" href=\"files\/quests\/5ABE29EE-F017-487A-C6F0-503C4759C13D_reverse200_exe\">win<\/a>\n\n","description_state":"","answer":"8c4291f6956da81515a5c0caec2976d0","date_create":null,"date_change":"2015-09-05 06:47:53","game":{"uuid":"3e5fa32b-cc08-430b-ab75-69c805d1ecc9","title":"FHQ 2013"},"files":[{"uuid":"30926F4F-659E-442B-0165-B5CD93AF2DF5","filename":"r200_jpg","filepath":"files\/quests\/30926F4F-659E-442B-0165-B5CD93AF2DF5_r200_jpg","size":"11719"},{"uuid":"359348EC-4D72-4349-AFC3-F5DDDA044A92","filename":"reverse200","filepath":"files\/quests\/359348EC-4D72-4349-AFC3-F5DDDA044A92_reverse200","size":"6187"},{"uuid":"5ABE29EE-F017-487A-C6F0-503C4759C13D","filename":"reverse200_exe","filepath":"files\/quests\/5ABE29EE-F017-487A-C6F0-503C4759C13D_reverse200_exe","size":"7680"}]}